{"bounds": [[0.1, 0.9], [0.1, 0.9]], "sequence_length": 600, "default_connectivity_radius": 0.015, "dim": 2, "dt": 0.0025, "vel_mean": [-6.141567458658365e-08, -0.0007425391691160353], "vel_std": [0.0022381126134429557, 0.0022664486850394443], "acc_mean": [-1.713503820317499e-07, -2.1448168008479274e-07], "acc_std": [0.00016824548701156486, 0.0001819676291787043]}